Institución,Contacto (Nombre),Cargo,Email / LinkedIn,Fecha Envío,Tipo (Email/DM/Form),Estado (Pendiente/Respondido),Notas / Siguiente Paso
Ey!Studio,Nombre TBD,Coordinador,email@ejemplo.com,2026-01-XX,Email,Pendiente,Visitar presencialmente si no responden en 5 días
Matadero Madrid,Nombre TBD,Director Residencias,linkedin.com/in/...,,LinkedIn,,Personalizar nota de conexión
La Neomudéjar,Nombre TBD,Dirección artística,,,Email,,Adjuntar dossier brutalista
Ayuntamiento Madrid,-,BOCM (Boletín),-,Monitorizar,Web,Pendiente,Revisar lunes y jueves
Fundación Telefónica,Nombre TBD,Resp. Innovación,,,Email,,Enviar propuesta instalación
Amigo/Colega 1,Nombre,Tech Lead,,,WhatsApp,,Ofrecer setup 150€
Amigo/Colega 2,Nombre,Artista,,,WhatsApp,,Ofrecer taller 100€
